eta,ratio_rbf,l2,mean_train_mse,std_train_mse,mean_train_ccr,std_train_ccr,mean_test_mse,std_test_mse,mean_test_ccr,std_test_ccr
1e-05,0.05,False,0.0301910,0.0015274,87.933333,0.7844161,0.0302849,0.0016821,88.533333,1.1469767
1e-05,0.15,False,0.0005102,0.0001332,100.0,0.0,0.0423402,0.0026951,86.533333,1.0456258
1e-05,0.25,False,3.5951e-5,5.3695e-6,100.0,0.0,0.0380750,0.0016513,87.333333,0.5577733
1e-05,0.5,False,1.7112e-5,1.1550e-6,100.0,0.0,0.0362962,0.0024778,87.866666,1.0022197

