eta,ratio_rbf,l2,mean_train_mse,std_train_mse,mean_train_ccr,std_train_ccr,mean_test_mse,std_test_mse,mean_test_ccr,std_test_ccr
1e-05,0.05,False,0.0216294,0.0002470,0.0,0.0,0.0247395,0.0003331,0.0,0.0
1e-05,0.15,False,0.0139700,0.0002877,0.0,0.0,0.0198037,0.0004122,0.0,0.0
1e-05,0.25,False,0.0103408,7.9820e-5,0.0,0.0,0.0223383,0.0015536,0.0,0.0
1e-05,0.5,False,0.0052210,8.6626e-5,0.0,0.0,0.0546421,0.0048177,0.0,0.0

