eta,ratio_rbf,l2,mean_trai,std_train,mean_trai,std_train,mean_test,std_test_,mean_test,std_test_
0.01,0.05,False,0.0283651,6.2540976e-5,0.0,0.0,0.0284754,0.0002226,0.0,0.0
0.01,0.15,False,0.0253314,0.0001182,0.0,0.0,0.0408557,0.0019817,0.0,0.0
0.01,0.25,False,0.0221973,8.9793824e-5,0.0,0.0,0.9496999,0.2907586,0.0,0.0
0.01,0.5,False,0.0183975,8.2725448e-5,0.0,0.0,167.94112,14.917458,0.0,0.0


