eta,ratio_rbf,l2,mean_train_mse,std_train_mse,mean_train_ccr, std_train_ccr,mean_test_mse,std_test_mse,mean_test_ccr,std_test_ccr
1e-05,0.05,False,0.02624271839853671,0.0034409396200578927,96.13496932515338,0.6886485987927511,0.03514296241327607,0.0018054731640496857,95.96330275229357,0.4494476592262681
1e-05,0.15,False,0.003582826138863919,1.2924406420388328e-06,99.38650306748467,0.0,0.06728030919025402,0.010020537746275515,92.29357798165137,1.2444642170872091
1e-05,0.25,False,0.0035805390284051252,7.550343721325884e-07,99.38650306748467,0.0,0.05806988923504915,0.005681621905478468,93.57798165137615,0.5802344330584186
1e-05,0.5,False,0.003580049645656951,2.314142044955392e-07,99.38650306748467,0.0,0.05772945506944086,0.0009391474663403386,94.12844036697247,0.44944765922626806
