v,F,error-train,desv-error-train,error-test,desv-error-test
0,1,0.00373842,0.000896492,0.00569479,0.0012525
0.15,1,0.0760665,0.00457605,103,0.0314081
0.25,1,0.0665395,0.0150206,0.128992,0.0525545
0,2,0.0088328,0.00134245,0.0109749,0.00203569
0.15,2,0.0767007,0.00448053,0.0940991,0.0240841
0.25,2,0.0662583,0.015306,0.130848,0.0486523
