v,F,error-train,desv-error-train,error-test,desv-error-test
0,1,0.0297604,4.22055e-05,0.026995,4.42267e-05
0.15,1,0.024493,0.00444711,0.0319426,0.00357464
0.25,1,0.0186005,0.00591481,0.0365678,0.00515206
0,2,0.0297521,2.50246e-05,0.026967,3.52326e-05
0.15,2,0.0244027,0.0042417,0.0313813,0.00340355
0.25,2,0.018559,0.00590074,0.0360389,0.00523062
